run_tag,weights,fusion_mode,gamma,vlm_temperature,top_k,pad_ratio,first_conf,first_iou,final_iou,n_images,mAP50,mAP50_95,mAP75,P,R,latency_ms
smoke_baseline,/root/epfs/07_FSOD_LLM/fsod/runs/cdfsod_DIOR_10shot/cdfsod_DIOR_10shot_daf_a0.12/weights/best.pt,none,0.5,100.0,100,1.2,0.001,0.7,0.6,10,0.5044,0.2679,0.1799,0.5156,0.4188,147.71
A_baseline,/root/epfs/07_FSOD_LLM/fsod/runs/cdfsod_DIOR_10shot/cdfsod_DIOR_10shot_daf_a0.12/weights/best.pt,none,0.0,100.0,100,1.2,0.001,0.7,0.6,5000,0.2602,0.1769,0.1891,0.4181,0.2486,30.38
B_fixed_g03,/root/epfs/07_FSOD_LLM/fsod/runs/cdfsod_DIOR_10shot/cdfsod_DIOR_10shot_daf_a0.12/weights/best.pt,fixed,0.3,100.0,100,1.2,0.001,0.7,0.6,5000,0.2407,0.1519,0.1564,0.2272,0.3044,130.27
C_fixed_g05,/root/epfs/07_FSOD_LLM/fsod/runs/cdfsod_DIOR_10shot/cdfsod_DIOR_10shot_daf_a0.12/weights/best.pt,fixed,0.5,100.0,100,1.2,0.001,0.7,0.6,5000,0.2272,0.1415,0.1439,0.2252,0.2953,86.34
D_fixed_g07,/root/epfs/07_FSOD_LLM/fsod/runs/cdfsod_DIOR_10shot/cdfsod_DIOR_10shot_daf_a0.12/weights/best.pt,fixed,0.7,100.0,100,1.2,0.001,0.7,0.6,5000,0.2142,0.131,0.1313,0.2211,0.294,85.61
E_mult,/root/epfs/07_FSOD_LLM/fsod/runs/cdfsod_DIOR_10shot/cdfsod_DIOR_10shot_daf_a0.12/weights/best.pt,multiplicative,0.5,100.0,100,1.2,0.001,0.7,0.6,5000,0.3086,0.2058,0.218,0.2039,0.4216,85.87
A_baseline_val,/root/epfs/07_FSOD_LLM/fsod/runs/cdfsod_DIOR_10shot/cdfsod_DIOR_10shot_daf_a0.12/weights/best.pt,val,none,0.5,100.0,100,1.2,0.001,0.7,0.6,89,0.8424,0.7447,0.8049,0.7276,0.6203,41.76
B_fixed_g03,/root/epfs/07_FSOD_LLM/fsod/runs/cdfsod_DIOR_10shot/cdfsod_DIOR_10shot_daf_a0.12/weights/best.pt,val,fixed,0.3,100.0,100,1.2,0.001,0.7,0.6,89,0.5105,0.4287,0.443,0.2702,0.6566,202.76
C_fixed_g05,/root/epfs/07_FSOD_LLM/fsod/runs/cdfsod_DIOR_10shot/cdfsod_DIOR_10shot_daf_a0.12/weights/best.pt,val,fixed,0.5,100.0,100,1.2,0.001,0.7,0.6,89,0.4489,0.3595,0.363,0.247,0.6697,86.54
D_fixed_g07,/root/epfs/07_FSOD_LLM/fsod/runs/cdfsod_DIOR_10shot/cdfsod_DIOR_10shot_daf_a0.12/weights/best.pt,val,fixed,0.7,100.0,100,1.2,0.001,0.7,0.6,89,0.4114,0.3147,0.3071,0.2364,0.6476,89.68
E_mult,/root/epfs/07_FSOD_LLM/fsod/runs/cdfsod_DIOR_10shot/cdfsod_DIOR_10shot_daf_a0.12/weights/best.pt,val,multiplicative,0.5,100.0,100,1.2,0.001,0.7,0.6,89,0.705,0.6225,0.6627,0.3109,0.7817,202.99
F_mult_T1,/root/epfs/07_FSOD_LLM/fsod/runs/cdfsod_DIOR_10shot/cdfsod_DIOR_10shot_daf_a0.12/weights/best.pt,val,multiplicative,0.5,1.0,1.0,100,1.2,0.001,0.7,0.6,89,0.7917,0.7331,0.7817,0.6623,0.7228,202.19
F_mult_T5,/root/epfs/07_FSOD_LLM/fsod/runs/cdfsod_DIOR_10shot/cdfsod_DIOR_10shot_daf_a0.12/weights/best.pt,val,multiplicative,0.5,5.0,1.0,100,1.2,0.001,0.7,0.6,89,0.8226,0.75,0.8061,0.637,0.8117,186.65
F_mult_T10,/root/epfs/07_FSOD_LLM/fsod/runs/cdfsod_DIOR_10shot/cdfsod_DIOR_10shot_daf_a0.12/weights/best.pt,val,multiplicative,0.5,10.0,1.0,100,1.2,0.001,0.7,0.6,89,0.8122,0.7363,0.7911,0.589,0.8262,191.95
F_mult_T30,/root/epfs/07_FSOD_LLM/fsod/runs/cdfsod_DIOR_10shot/cdfsod_DIOR_10shot_daf_a0.12/weights/best.pt,val,multiplicative,0.5,30.0,1.0,100,1.2,0.001,0.7,0.6,89,0.7845,0.7022,0.7524,0.4546,0.8394,195.65
G_mult_T10_below0.3,/root/epfs/07_FSOD_LLM/fsod/runs/cdfsod_DIOR_10shot/cdfsod_DIOR_10shot_daf_a0.12/weights/best.pt,val,multiplicative,0.5,10.0,0.3,100,1.2,0.001,0.7,0.6,89,0.8122,0.7363,0.7911,0.589,0.8262,189.56
G_mult_T10_below0.5,/root/epfs/07_FSOD_LLM/fsod/runs/cdfsod_DIOR_10shot/cdfsod_DIOR_10shot_daf_a0.12/weights/best.pt,val,multiplicative,0.5,10.0,0.5,100,1.2,0.001,0.7,0.6,89,0.8122,0.7363,0.7911,0.589,0.8262,191.74
G_mult_T10_below0.7,/root/epfs/07_FSOD_LLM/fsod/runs/cdfsod_DIOR_10shot/cdfsod_DIOR_10shot_daf_a0.12/weights/best.pt,val,multiplicative,0.5,10.0,0.7,100,1.2,0.001,0.7,0.6,89,0.8122,0.7363,0.7911,0.589,0.8262,187.25
H_fixed_g03_T10_below0.5,/root/epfs/07_FSOD_LLM/fsod/runs/cdfsod_DIOR_10shot/cdfsod_DIOR_10shot_daf_a0.12/weights/best.pt,val,fixed,0.3,10.0,0.5,100,1.2,0.001,0.7,0.6,89,0.8159,0.7266,0.7866,0.6043,0.7433,202.15
H_fixed_g03_T10_below0.7,/root/epfs/07_FSOD_LLM/fsod/runs/cdfsod_DIOR_10shot/cdfsod_DIOR_10shot_daf_a0.12/weights/best.pt,val,fixed,0.3,10.0,0.7,100,1.2,0.001,0.7,0.6,89,0.8159,0.7266,0.7866,0.6043,0.7433,202.2
I_mult_T5_below0.3,/root/epfs/07_FSOD_LLM/fsod/runs/cdfsod_DIOR_10shot/cdfsod_DIOR_10shot_daf_a0.12/weights/best.pt,val,multiplicative,0.5,5.0,0.3,100,1.2,0.001,0.7,0.6,89,0.8226,0.75,0.8061,0.637,0.8117,84.12
I_mult_T5_below0.5,/root/epfs/07_FSOD_LLM/fsod/runs/cdfsod_DIOR_10shot/cdfsod_DIOR_10shot_daf_a0.12/weights/best.pt,val,multiplicative,0.5,5.0,0.5,100,1.2,0.001,0.7,0.6,89,0.8226,0.75,0.8061,0.637,0.8117,83.22
I_mult_T5_below0.7,/root/epfs/07_FSOD_LLM/fsod/runs/cdfsod_DIOR_10shot/cdfsod_DIOR_10shot_daf_a0.12/weights/best.pt,val,multiplicative,0.5,5.0,0.7,100,1.2,0.001,0.7,0.6,89,0.8226,0.75,0.8061,0.637,0.8117,86.18
I_mult_T5_below0.9,/root/epfs/07_FSOD_LLM/fsod/runs/cdfsod_DIOR_10shot/cdfsod_DIOR_10shot_daf_a0.12/weights/best.pt,val,multiplicative,0.5,5.0,0.9,100,1.2,0.001,0.7,0.6,89,0.8226,0.75,0.8061,0.637,0.8117,85.74
J_mult_T3,/root/epfs/07_FSOD_LLM/fsod/runs/cdfsod_DIOR_10shot/cdfsod_DIOR_10shot_daf_a0.12/weights/best.pt,val,multiplicative,0.5,3.0,1.0,100,1.2,0.001,0.7,0.6,89,0.8165,0.7471,0.799,0.6611,0.7834,83.82
K_mult_T5_fc0.005,/root/epfs/07_FSOD_LLM/fsod/runs/cdfsod_DIOR_10shot/cdfsod_DIOR_10shot_daf_a0.12/weights/best.pt,val,multiplicative,0.5,5.0,1.0,100,1.2,0.001,0.7,0.6,89,0.4139,0.4021,0.4139,0.6065,0.2188,83.45
A1_visualonly_1shot,/root/epfs/07_FSOD_LLM/fsod/runs/cdfsod_DIOR_1shot/cdfsod_DIOR_1shot_visual_only/weights/best.pt,val,none,0.5,100.0,1.0,100,1.2,0.001,0.7,0.6,89,0.071,0.0511,0.0624,0.0058,0.2162,28.74
A2_visualonly_dualpath_1shot,/root/epfs/07_FSOD_LLM/fsod/runs/cdfsod_DIOR_1shot/cdfsod_DIOR_1shot_visual_only/weights/best.pt,val,multiplicative,0.5,5.0,1.0,100,1.2,0.001,0.7,0.6,89,0.1363,0.0994,0.1218,0.0987,0.1667,86.9
A1_visualonly_5shot,/root/epfs/07_FSOD_LLM/fsod/runs/cdfsod_DIOR_5shot/cdfsod_DIOR_5shot_visual_only/weights/best.pt,val,none,0.5,100.0,1.0,100,1.2,0.001,0.7,0.6,89,0.2222,0.1697,0.1766,0.0892,0.3825,24.97
A2_visualonly_dualpath_5shot,/root/epfs/07_FSOD_LLM/fsod/runs/cdfsod_DIOR_5shot/cdfsod_DIOR_5shot_visual_only/weights/best.pt,val,multiplicative,0.5,5.0,1.0,100,1.2,0.001,0.7,0.6,89,0.2395,0.1969,0.2199,0.2096,0.1906,91.13
A1_visualonly_10shot,/root/epfs/07_FSOD_LLM/fsod/runs/cdfsod_DIOR_10shot/cdfsod_DIOR_10shot_visual_only/weights/best.pt,val,none,0.5,100.0,1.0,100,1.2,0.001,0.7,0.6,89,0.5985,0.4868,0.5288,0.4317,0.5521,33.93
A2_visualonly_dualpath_10shot,/root/epfs/07_FSOD_LLM/fsod/runs/cdfsod_DIOR_10shot/cdfsod_DIOR_10shot_visual_only/weights/best.pt,val,multiplicative,0.5,5.0,1.0,100,1.2,0.001,0.7,0.6,89,0.5146,0.4709,0.5084,0.3964,0.4039,98.74
A3_daf_dualpath_1shot,/root/epfs/07_FSOD_LLM/fsod/runs/cdfsod_DIOR_1shot/cdfsod_DIOR_1shot_daf_a0.12/weights/best.pt,val,multiplicative,0.5,5.0,1.0,100,1.2,0.001,0.7,0.6,89,0.0925,0.0651,0.0714,0.0484,0.1551,100.33
A3_daf_dualpath_5shot,/root/epfs/07_FSOD_LLM/fsod/runs/cdfsod_DIOR_5shot/cdfsod_DIOR_5shot_daf_a0.12/weights/best.pt,val,multiplicative,0.5,5.0,1.0,100,1.2,0.001,0.7,0.6,89,0.1923,0.1632,0.1813,0.1419,0.1644,86.25
A3_daf_dualpath_10shot,/root/epfs/07_FSOD_LLM/fsod/runs/cdfsod_DIOR_10shot/cdfsod_DIOR_10shot_daf_a0.12/weights/best.pt,val,multiplicative,0.5,5.0,1.0,100,1.2,0.001,0.7,0.6,89,0.8226,0.75,0.8061,0.637,0.8117,90.49
A0_daf_baseline_1shot,/root/epfs/07_FSOD_LLM/fsod/runs/cdfsod_DIOR_1shot/cdfsod_DIOR_1shot_daf_a0.12/weights/best.pt,val,none,0.5,100.0,1.0,100,1.2,0.001,0.7,0.6,89,0.0625,0.0483,0.0538,0.0061,0.2329,51.79
A0_daf_baseline_5shot,/root/epfs/07_FSOD_LLM/fsod/runs/cdfsod_DIOR_5shot/cdfsod_DIOR_5shot_daf_a0.12/weights/best.pt,val,none,0.5,100.0,1.0,100,1.2,0.001,0.7,0.6,89,0.1983,0.1529,0.1473,0.0972,0.3565,43.53
