epoch,time,train/box_loss,train/cls_loss,train/dfl_loss,metrics/precision(B),metrics/recall(B),metrics/mAP50(B),metrics/mAP50-95(B),val/box_loss,val/cls_loss,val/dfl_loss,lr/pg0,lr/pg1,lr/pg2
1,25.4629,1.02035,7.43522,1.58136,0,0,0,0,1.21408,7.54513,1.63767,1.251e-05,1.251e-05,1.251e-05
2,48.6592,1.02728,7.26701,1.58817,0,0,0,0,1.22617,7.57223,1.65064,2.90455e-05,2.90455e-05,2.90455e-05
3,71.5225,1.05869,7.46302,1.66696,0,0,0,0,1.23183,7.5948,1.65864,4.54159e-05,4.54159e-05,4.54159e-05
4,94.5741,1.12586,7.31246,1.65994,0,0,0,0,1.25223,7.5606,1.68247,6.16211e-05,6.16211e-05,6.16211e-05
5,112.387,1.19238,6.93315,1.79965,0,0,0,0,1.25444,7.49461,1.6865,7.76612e-05,7.76612e-05,7.76612e-05
6,128.419,1.4362,7.56247,1.90613,0,0,0,0,1.26153,7.41356,1.69573,9.35362e-05,9.35362e-05,9.35362e-05
7,144.936,1.17996,7.2475,1.65569,0,0,0,0,1.26153,7.41356,1.69573,0.000109246,0.000109246,0.000109246
8,164.04,1.17498,6.80189,1.65397,0,0,0,0,1.26771,7.27556,1.70252,0.000124791,0.000124791,0.000124791
9,187.401,1.17228,6.85442,1.70671,0,0,0,0,1.27154,7.08699,1.70684,0.00014017,0.00014017,0.00014017
10,210.632,1.0041,6.62052,1.43864,0,0,0,0,1.27154,7.08699,1.70684,0.000155385,0.000155385,0.000155385
11,233.894,0.94119,6.34014,1.39899,0,0,0,0,1.28225,6.83524,1.72314,0.000170434,0.000170434,0.000170434
12,252.108,1.15577,6.35027,1.69593,0,0,0,0,1.28225,6.83524,1.72314,0.000185318,0.000185318,0.000185318
13,268.664,1.23571,6.37272,1.73246,0,0,0,0,1.28933,6.56199,1.73008,0.000200037,0.000200037,0.000200037
14,285.143,0.86432,5.92708,1.42883,0,0,0,0,1.28933,6.56199,1.73008,0.000214591,0.000214591,0.000214591
15,304.423,1.16105,6.19434,1.57906,0,0,0,0,1.30706,6.24609,1.74031,0.00022898,0.00022898,0.00022898
16,327.561,1.1648,5.80754,1.65838,0,0,0,0,1.30706,6.24609,1.74031,0.000243204,0.000243204,0.000243204
17,351.096,1.14935,5.80876,1.69639,0,0,0,0,1.30706,6.24609,1.74031,0.000257262,0.000257262,0.000257262
18,374.545,1.02748,5.93732,1.4363,0,0,0,0,1.32388,5.88325,1.76185,0.000271156,0.000271156,0.000271156
19,392.931,0.86583,5.30354,1.50971,0,0,0,0,1.32388,5.88325,1.76185,0.000284884,0.000284884,0.000284884
20,409.423,0.96258,5.22519,1.48169,0,0,0,0,1.32388,5.88325,1.76185,0.000298447,0.000298447,0.000298447
21,425.745,0.99664,5.40012,1.48148,0,0,0,0,1.32388,5.88325,1.76185,0.000311845,0.000311845,0.000311845
22,445.488,0.96006,5.12742,1.46043,0.2,0.00282,0.10141,0.08108,1.32675,5.51377,1.74889,0.000325078,0.000325078,0.000325078
23,468.856,1.35727,5.46856,1.63417,0.2,0.00282,0.10141,0.08108,1.32675,5.51377,1.74889,0.000338146,0.000338146,0.000338146
24,492.314,1.03293,4.87422,1.53059,0.2,0.00282,0.10141,0.08108,1.32675,5.51377,1.74889,0.000351048,0.000351048,0.000351048
25,515.935,0.71253,4.80177,1.26429,0.2,0.00282,0.10141,0.08108,1.32675,5.51377,1.74889,0.000363786,0.000363786,0.000363786
26,533.995,0.95274,4.91312,1.40686,0.12847,0.07203,0.07766,0.05155,1.30772,5.16498,1.71742,0.000365396,0.000365396,0.000365396
27,550.24,0.91418,4.66906,1.37043,0.12847,0.07203,0.07766,0.05155,1.30772,5.16498,1.71742,0.000363332,0.000363332,0.000363332
28,566.508,0.95813,4.93683,1.42181,0.12847,0.07203,0.07766,0.05155,1.30772,5.16498,1.71742,0.000361268,0.000361268,0.000361268
29,584.943,0.87943,4.51249,1.35373,0.12847,0.07203,0.07766,0.05155,1.30772,5.16498,1.71742,0.000359204,0.000359204,0.000359204
30,608.037,0.83707,4.61305,1.39424,0.08926,0.35484,0.07643,0.04176,1.29701,4.87945,1.68982,0.00035714,0.00035714,0.00035714
31,631.183,0.86293,4.33739,1.31027,0.08926,0.35484,0.07643,0.04176,1.29701,4.87945,1.68982,0.000355076,0.000355076,0.000355076
32,654.309,0.6363,4.20203,1.19415,0.08926,0.35484,0.07643,0.04176,1.29701,4.87945,1.68982,0.000353011,0.000353011,0.000353011
33,673.015,0.72006,4.40321,1.30793,0.08926,0.35484,0.07643,0.04176,1.29701,4.87945,1.68982,0.000350947,0.000350947,0.000350947
34,689.088,0.71421,4.1755,1.17746,0.05243,0.51266,0.06885,0.03528,1.29083,4.65,1.6567,0.000348883,0.000348883,0.000348883
35,705.346,0.88183,4.02715,1.27924,0.05243,0.51266,0.06885,0.03528,1.29083,4.65,1.6567,0.000346819,0.000346819,0.000346819
36,721.731,0.81519,4.20229,1.31255,0.05243,0.51266,0.06885,0.03528,1.29083,4.65,1.6567,0.000344755,0.000344755,0.000344755
37,744.812,0.62628,3.8574,1.17138,0.05243,0.51266,0.06885,0.03528,1.29083,4.65,1.6567,0.000342691,0.000342691,0.000342691
38,768.047,0.8386,4.04236,1.32655,0.04007,0.59954,0.06908,0.03416,1.27856,4.47826,1.64616,0.000340626,0.000340626,0.000340626
39,791.243,0.85836,3.86685,1.34459,0.04007,0.59954,0.06908,0.03416,1.27856,4.47826,1.64616,0.000338562,0.000338562,0.000338562
40,812.064,0.63808,3.77512,1.12171,0.04007,0.59954,0.06908,0.03416,1.27856,4.47826,1.64616,0.000336498,0.000336498,0.000336498
41,827.939,0.69966,3.73868,1.21119,0.04007,0.59954,0.06908,0.03416,1.27856,4.47826,1.64616,0.000334434,0.000334434,0.000334434
42,844.225,0.58815,3.83313,1.16455,0.0358,0.63399,0.06989,0.03588,1.26391,4.35123,1.62745,0.00033237,0.00033237,0.00033237
43,860.264,0.61427,3.6009,1.07118,0.0358,0.63399,0.06989,0.03588,1.26391,4.35123,1.62745,0.000330306,0.000330306,0.000330306
44,883.107,0.57987,3.70577,1.15517,0.0358,0.63399,0.06989,0.03588,1.26391,4.35123,1.62745,0.000328242,0.000328242,0.000328242
45,906.231,0.79553,3.80764,1.17705,0.0358,0.63399,0.06989,0.03588,1.26391,4.35123,1.62745,0.000326177,0.000326177,0.000326177
46,929.504,0.70194,3.55934,1.23755,0.0335,0.65694,0.06783,0.03557,1.2515,4.25886,1.62865,0.000324113,0.000324113,0.000324113
47,951.504,0.55831,3.61171,1.10809,0.0335,0.65694,0.06783,0.03557,1.2515,4.25886,1.62865,0.000322049,0.000322049,0.000322049
48,967.631,0.67523,3.61622,1.15251,0.0335,0.65694,0.06783,0.03557,1.2515,4.25886,1.62865,0.000319985,0.000319985,0.000319985
49,983.642,0.66466,3.6188,1.04259,0.0335,0.65694,0.06783,0.03557,1.2515,4.25886,1.62865,0.000317921,0.000317921,0.000317921
50,999.859,0.6241,3.49025,1.10183,0.03197,0.66959,0.07045,0.03806,1.24896,4.18937,1.64555,0.000315857,0.000315857,0.000315857
51,1020.52,0.79239,3.54633,1.21034,0.03197,0.66959,0.07045,0.03806,1.24896,4.18937,1.64555,0.000313792,0.000313792,0.000313792
52,1043.91,0.58877,3.42084,1.08236,0.03197,0.66959,0.07045,0.03806,1.24896,4.18937,1.64555,0.000311728,0.000311728,0.000311728
53,1067.13,0.74566,3.60905,1.20313,0.03197,0.66959,0.07045,0.03806,1.24896,4.18937,1.64555,0.000309664,0.000309664,0.000309664
54,1090.55,0.5935,3.4235,1.14069,0.03143,0.67991,0.07987,0.04284,1.25932,4.14941,1.67512,0.0003076,0.0003076,0.0003076
55,1107.04,0.53844,3.39167,1.08799,0.03143,0.67991,0.07987,0.04284,1.25932,4.14941,1.67512,0.000305536,0.000305536,0.000305536
56,1123.15,0.62774,3.48193,1.14999,0.03143,0.67991,0.07987,0.04284,1.25932,4.14941,1.67512,0.000303472,0.000303472,0.000303472
57,1139.31,0.60032,3.45943,1.25113,0.03143,0.67991,0.07987,0.04284,1.25932,4.14941,1.67512,0.000301408,0.000301408,0.000301408
58,1158.66,0.54331,3.33224,1.0825,0.03096,0.69052,0.08436,0.04602,1.27139,4.10077,1.6903,0.000299343,0.000299343,0.000299343
59,1181.87,0.6314,3.37919,1.24945,0.03096,0.69052,0.08436,0.04602,1.27139,4.10077,1.6903,0.000297279,0.000297279,0.000297279
60,1204.99,0.68758,3.34738,1.187,0.03096,0.69052,0.08436,0.04602,1.27139,4.10077,1.6903,0.000295215,0.000295215,0.000295215
61,1228.14,0.48142,3.28219,1.01212,0.03096,0.69052,0.08436,0.04602,1.27139,4.10077,1.6903,0.000293151,0.000293151,0.000293151
62,1245.79,0.56109,3.32391,1.07002,0.03132,0.68454,0.08526,0.04716,1.30113,4.08851,1.72707,0.000291087,0.000291087,0.000291087
63,1262.1,0.56872,3.3797,1.07893,0.03132,0.68454,0.08526,0.04716,1.30113,4.08851,1.72707,0.000289023,0.000289023,0.000289023
64,1278.18,0.62776,3.43201,1.07624,0.03132,0.68454,0.08526,0.04716,1.30113,4.08851,1.72707,0.000286959,0.000286959,0.000286959
65,1296.22,0.60388,3.31175,1.05397,0.03132,0.68454,0.08526,0.04716,1.30113,4.08851,1.72707,0.000284894,0.000284894,0.000284894
66,1319.08,0.56625,3.34063,1.1155,0.0318,0.68318,0.08611,0.04749,1.3133,4.08377,1.75545,0.00028283,0.00028283,0.00028283
67,1342.16,0.5091,3.27764,0.95906,0.0318,0.68318,0.08611,0.04749,1.3133,4.08377,1.75545,0.000280766,0.000280766,0.000280766
68,1365.03,0.54045,3.25394,1.0243,0.0318,0.68318,0.08611,0.04749,1.3133,4.08377,1.75545,0.000278702,0.000278702,0.000278702
69,1384.65,0.58012,3.38171,1.04586,0.0318,0.68318,0.08611,0.04749,1.3133,4.08377,1.75545,0.000276638,0.000276638,0.000276638
70,1400.55,0.44236,3.23253,0.97632,0.03233,0.67825,0.08511,0.04794,1.31756,4.07675,1.77262,0.000274574,0.000274574,0.000274574
71,1416.54,0.5337,3.3548,1.06413,0.03233,0.67825,0.08511,0.04794,1.31756,4.07675,1.77262,0.000272509,0.000272509,0.000272509
72,1432.35,0.59475,3.30148,1.1017,0.03233,0.67825,0.08511,0.04794,1.31756,4.07675,1.77262,0.000270445,0.000270445,0.000270445
73,1455.23,0.54689,3.26748,1.06706,0.03233,0.67825,0.08511,0.04794,1.31756,4.07675,1.77262,0.000268381,0.000268381,0.000268381
74,1478.22,0.53084,3.28045,1.1183,0.0331,0.68379,0.08442,0.04799,1.32645,4.05824,1.78092,0.000266317,0.000266317,0.000266317
75,1501.18,0.48762,3.23963,1.01919,0.0331,0.68379,0.08442,0.04799,1.32645,4.05824,1.78092,0.000264253,0.000264253,0.000264253
76,1522.94,0.48276,3.20189,0.9373,0.0331,0.68379,0.08442,0.04799,1.32645,4.05824,1.78092,0.000262189,0.000262189,0.000262189
77,1538.97,0.5157,3.24583,1.00967,0.0331,0.68379,0.08442,0.04799,1.32645,4.05824,1.78092,0.000260125,0.000260125,0.000260125
78,1555.29,0.48575,3.25973,1.06605,0.03393,0.67683,0.0861,0.04832,1.33971,4.06554,1.80483,0.00025806,0.00025806,0.00025806
79,1571.58,0.37973,3.19663,1.02496,0.03393,0.67683,0.0861,0.04832,1.33971,4.06554,1.80483,0.000255996,0.000255996,0.000255996
80,1592.68,0.45033,3.19306,1.01257,0.03393,0.67683,0.0861,0.04832,1.33971,4.06554,1.80483,0.000253932,0.000253932,0.000253932
81,1615.54,0.46676,3.26456,1.0122,0.03393,0.67683,0.0861,0.04832,1.33971,4.06554,1.80483,0.000251868,0.000251868,0.000251868
82,1638.38,0.53679,3.3034,1.00717,0.03511,0.68075,0.08802,0.0488,1.34481,4.04396,1.79912,0.000249804,0.000249804,0.000249804
83,1661.14,0.42153,3.21269,1.14041,0.03511,0.68075,0.08802,0.0488,1.34481,4.04396,1.79912,0.00024774,0.00024774,0.00024774
84,1677.73,0.40747,3.19474,0.96685,0.03511,0.68075,0.08802,0.0488,1.34481,4.04396,1.79912,0.000245676,0.000245676,0.000245676
85,1693.76,0.44876,3.21607,1.00277,0.03511,0.68075,0.08802,0.0488,1.34481,4.04396,1.79912,0.000243611,0.000243611,0.000243611
86,1709.94,0.56786,3.26693,0.99357,0.03614,0.67703,0.09135,0.05116,1.3544,4.03388,1.81529,0.000241547,0.000241547,0.000241547
87,1729.42,0.43638,3.21605,0.97,0.03614,0.67703,0.09135,0.05116,1.3544,4.03388,1.81529,0.000239483,0.000239483,0.000239483
88,1752.54,0.53989,3.20353,1.08285,0.03614,0.67703,0.09135,0.05116,1.3544,4.03388,1.81529,0.000237419,0.000237419,0.000237419
89,1775.48,0.41726,3.13757,1.03669,0.03614,0.67703,0.09135,0.05116,1.3544,4.03388,1.81529,0.000235355,0.000235355,0.000235355
90,1798.67,0.44715,3.17049,0.9789,0.03866,0.66143,0.09391,0.05312,1.37928,4.04504,1.84741,0.000233291,0.000233291,0.000233291
91,1816.84,0.36497,3.1797,0.93243,0.03866,0.66143,0.09391,0.05312,1.37928,4.04504,1.84741,0.000231226,0.000231226,0.000231226
92,1832.94,0.36949,3.18303,0.99735,0.03866,0.66143,0.09391,0.05312,1.37928,4.04504,1.84741,0.000229162,0.000229162,0.000229162
93,1849.32,0.54884,3.24964,1.01154,0.03866,0.66143,0.09391,0.05312,1.37928,4.04504,1.84741,0.000227098,0.000227098,0.000227098
94,1867.62,0.37421,3.1608,0.93055,0.03888,0.65582,0.09322,0.05182,1.40503,4.0346,1.87557,0.000225034,0.000225034,0.000225034
95,1890.96,0.46609,3.19569,0.96301,0.03888,0.65582,0.09322,0.05182,1.40503,4.0346,1.87557,0.00022297,0.00022297,0.00022297
96,1913.86,0.48021,3.21125,1.05174,0.03888,0.65582,0.09322,0.05182,1.40503,4.0346,1.87557,0.000220906,0.000220906,0.000220906
97,1936.97,0.5658,3.26638,1.05155,0.03888,0.65582,0.09322,0.05182,1.40503,4.0346,1.87557,0.000218842,0.000218842,0.000218842
98,1956.63,0.46276,3.14008,0.96946,0.04125,0.65078,0.09262,0.05152,1.42067,4.0531,1.90271,0.000216777,0.000216777,0.000216777
99,1973.09,0.45092,3.1606,0.96982,0.04125,0.65078,0.09262,0.05152,1.42067,4.0531,1.90271,0.000214713,0.000214713,0.000214713
100,1989.33,0.38396,3.16826,0.91474,0.04125,0.65078,0.09262,0.05152,1.42067,4.0531,1.90271,0.000212649,0.000212649,0.000212649
101,2005.67,0.37501,3.23018,0.93137,0.04125,0.65078,0.09262,0.05152,1.42067,4.0531,1.90271,0.000210585,0.000210585,0.000210585
102,2028.74,0.31213,3.08943,0.88826,0.04253,0.64787,0.09687,0.05425,1.42867,4.04836,1.91405,0.000208521,0.000208521,0.000208521
103,2051.86,0.46392,3.17121,0.98069,0.04253,0.64787,0.09687,0.05425,1.42867,4.04836,1.91405,0.000206457,0.000206457,0.000206457
104,2074.56,0.6231,3.17122,1.11438,0.04253,0.64787,0.09687,0.05425,1.42867,4.04836,1.91405,0.000204393,0.000204393,0.000204393
105,2098.77,0.41349,3.19525,0.96577,0.04253,0.64787,0.09687,0.05425,1.42867,4.04836,1.91405,0.000202328,0.000202328,0.000202328
106,2114.67,0.55545,3.34828,1.03955,0.04323,0.6394,0.10064,0.05722,1.42736,4.05214,1.91872,0.000200264,0.000200264,0.000200264
107,2130.83,0.37332,3.07926,0.96064,0.04323,0.6394,0.10064,0.05722,1.42736,4.05214,1.91872,0.0001982,0.0001982,0.0001982
108,2147.89,0.46453,3.15093,0.99547,0.04323,0.6394,0.10064,0.05722,1.42736,4.05214,1.91872,0.000196136,0.000196136,0.000196136
109,2182.22,0.40636,3.1456,0.93906,0.04323,0.6394,0.10064,0.05722,1.42736,4.05214,1.91872,0.000194072,0.000194072,0.000194072
110,2219.63,0.33232,3.09827,0.91851,0.04366,0.63897,0.10403,0.06018,1.4212,4.03955,1.90994,0.000192008,0.000192008,0.000192008
111,2257.28,0.5843,3.23289,1.15133,0.04366,0.63897,0.10403,0.06018,1.4212,4.03955,1.90994,0.000189943,0.000189943,0.000189943
112,2293.48,0.38552,3.15783,1.00103,0.04366,0.63897,0.10403,0.06018,1.4212,4.03955,1.90994,0.000187879,0.000187879,0.000187879
113,2319.62,0.50417,3.12205,1.05169,0.04366,0.63897,0.10403,0.06018,1.4212,4.03955,1.90994,0.000185815,0.000185815,0.000185815
114,2346.69,0.41429,3.15744,0.96557,0.04587,0.63247,0.10657,0.06166,1.42651,4.05875,1.91523,0.000183751,0.000183751,0.000183751
115,2373.12,0.40466,3.09055,0.92749,0.04587,0.63247,0.10657,0.06166,1.42651,4.05875,1.91523,0.000181687,0.000181687,0.000181687
116,2407.1,0.3926,3.16938,0.9125,0.04587,0.63247,0.10657,0.06166,1.42651,4.05875,1.91523,0.000179623,0.000179623,0.000179623
117,2439.75,0.65411,3.28852,1.16741,0.04587,0.63247,0.10657,0.06166,1.42651,4.05875,1.91523,0.000177559,0.000177559,0.000177559
118,2472.93,0.39923,3.13227,0.87201,0.04641,0.62387,0.10392,0.05917,1.4333,4.06138,1.92148,0.000175494,0.000175494,0.000175494
119,2505.69,0.36821,3.11615,0.97522,0.04641,0.62387,0.10392,0.05917,1.4333,4.06138,1.92148,0.00017343,0.00017343,0.00017343
120,2531.61,0.36571,3.0411,0.95421,0.04641,0.62387,0.10392,0.05917,1.4333,4.06138,1.92148,0.000171366,0.000171366,0.000171366
121,2560.18,0.44969,3.15976,0.98166,0.04641,0.62387,0.10392,0.05917,1.4333,4.06138,1.92148,0.000169302,0.000169302,0.000169302
122,2594.02,0.49226,3.08769,1.15158,0.04729,0.61594,0.10235,0.05786,1.4398,4.0723,1.93962,0.000167238,0.000167238,0.000167238
123,2634.61,0.33002,3.13498,0.90659,0.04729,0.61594,0.10235,0.05786,1.4398,4.0723,1.93962,0.000165174,0.000165174,0.000165174
124,2677.63,0.53257,3.21069,0.98268,0.04729,0.61594,0.10235,0.05786,1.4398,4.0723,1.93962,0.00016311,0.00016311,0.00016311
125,2716.33,0.3903,3.05877,0.89233,0.04729,0.61594,0.10235,0.05786,1.4398,4.0723,1.93962,0.000161045,0.000161045,0.000161045
